name,phone,web_page,done, contact
hdbfjh,00000000,https://thevolar.com,
SHB,00000000,https://relat.us/,
Avls,00000000,https://www.superautodentbody.com/,
Bla,00000000,https://collisionfacility.com/,
Ashot Ghazaryan, 00000000,https://sunlightmedia.org/,
Ashot Ghazaryan, 00000000,https://webvdeo.com/,
Ashot Ghazaryan, 00000000,https://beaccessible.com/,
Ashot Ghazaryan, 00000000,https://coalitiontechnologies.com/?utm_source=google&utm_medium=organic&utm_campaign=gmb,
Ashot Ghazaryan, 00000000,https://flothemes.com/,
Ashot Ghazaryan, 00000000,https://webleadsinc.com/?utm_source=Google&utm_medium=GMB,
Ashot Ghazaryan, 00000000,https://mwmsystems.net/,
Ashot Ghazaryan, 00000000,https://getmevisible.com/,
Ashot Ghazaryan, 00000000,https://www.ladesignstudio.com/,
Ashot Ghazaryan, 00000000,https://www.frenchydigital.com/,
Ashot Ghazaryan, 00000000,https://tomorrowwebdesign.com/,
Ashot Ghazaryan, 00000000,https://web-los-angeles.com/,
